section_type,section_id,section_name,section_name,question_required,question_title,question_desc,question_placeholder_text,question_validation_text,question_type,question_answer_object,question_answer_fileformat,question_answer_scale_min_max_step,question_answer_option01,question_answer_option02,question_answer_option03,question_answer_option04,question_answer_option05,question_answer_option06,question_answer_option07,question_answer_option08,question_answer_option09,question_answer_option10,question_answer_option11,question_answer_option12,question_answer_option13,question_answer_option14,question_answer_option15,question_answer_option16,question_answer_option17,question_answer_option18,question_answer_option19,question_answer_option20,question_answer_option21,question_answer_option22,question_answer_option23,question_answer_option24,question_answer_option25
Comune,A,A - Organizzazione,,TRUE,Che tipo di organizzazione sei? ,,,,radio,,,,Impresa o altra organizzazione profit (vai alla sezione A1.1),Associazione o altra organizzazione no profit (vai alla sezione A1.2),Ente di ricerca (vai alla sezione A1.3),Istituzione Pubblica / Pubblica Amministrazione (vai alla sezione A1.4),,,,,,,,,,,,,,,,,,,,,
Specifica,A1.1,A1.1 – Impresa o altra organizzazione profit,,TRUE,Denominazione,,,,text_short_alfanum,,,,,,,,,,,,,,,,,,,,,,,,,,,,
Specifica,A1.1,A1.1 – Impresa o altra organizzazione profit,,TRUE,Indirizzo sede,,,,text_short_alfanum,,,,,,,,,,,,,,,,,,,,,,,,,,,,
Specifica,A1.1,A1.1 – Impresa o altra organizzazione profit,,TRUE,Regione,,,,text_short_alfanum,,,,,,,,,,,,,,,,,,,,,,,,,,,,
Specifica,A1.1,A1.1 – Impresa o altra organizzazione profit,,TRUE,Provincia,,,,text_short_alfanum,,,,,,,,,,,,,,,,,,,,,,,,,,,,
Specifica,A1.1,A1.1 – Impresa o altra organizzazione profit,,TRUE,Comune,,,,text_short_alfanum,,,,,,,,,,,,,,,,,,,,,,,,,,,,
Specifica,A1.1,A1.1 – Impresa o altra organizzazione profit,,TRUE,Sito web,,,,text_short_alfanum,,,,,,,,,,,,,,,,,,,,,,,,,,,,
Specifica,A1.1,A1.1 – Impresa o altra organizzazione profit,,TRUE,Codice ATECO,Inserisci il codice a 6 cifre,,,number,,,,,,,,,,,,,,,,,,,,,,,,,,,,
Specifica,A1.1,A1.1 – Impresa o altra organizzazione profit,,TRUE,Settore di attività,,,,text_short_alfanum,,,,,,,,,,,,,,,,,,,,,,,,,,,,
Specifica,A1.1,A1.1 – Impresa o altra organizzazione profit,,TRUE,B2B/B2C (La sua organizzazione offre al consumatore diretto (business to consumer - B2C) oppure a imprese o altre realtà commerciali (business to business - B2B)?,,,,radio,,,,B2B,B2C,Entrambe,,,,,,,,,,,,,,,,,,,,,,
Specifica,A1.1,A1.1 – Impresa o altra organizzazione profit,,TRUE,number dipendenti,,,,radio,,,,0-14,15-49,50-249,>250,,,,,,,,,,,,,,,,,,,,,
Specifica,A1.1,A1.1 – Impresa o altra organizzazione profit,,TRUE,Anno di nascita dell’impresa,,,,data,,,,,,,,,,,,,,,,,,,,,,,,,,,,
Specifica,A1.1,A1.1 – Impresa o altra organizzazione profit,,TRUE,Anno di avvio delle iniziative nel campo dell’Economia circolare,,,,data,,,,,,,,,,,,,,,,,,,,,,,,,,,,
Specifica,A1.1,A1.1 – Impresa o altra organizzazione profit,,TRUE,Descrizione della impresa o altra organizzazione profit,"Min. 500 caratteri, max. 2000 caratteri. Utilizza la terza persona e il tempo verbale presente.",,,text_long_alfanum,,,,,,,,,,,,,,,,,,,,,,,,,,,,
Specifica,A1.2,A1.2 - Associazione o altra organizzazione non profit,,TRUE,Denominazione,,,,text_short_alfanum,,,,,,,,,,,,,,,,,,,,,,,,,,,,
Specifica,A1.2,A1.2 - Associazione o altra organizzazione non profit,,TRUE,Indirizzo sede,,,,text_short_alfanum,,,,,,,,,,,,,,,,,,,,,,,,,,,,
Specifica,A1.2,A1.2 - Associazione o altra organizzazione non profit,,TRUE,Regione,,,,text_short_alfanum,,,,,,,,,,,,,,,,,,,,,,,,,,,,
Specifica,A1.2,A1.2 - Associazione o altra organizzazione non profit,,TRUE,Provincia,,,,text_short_alfanum,,,,,,,,,,,,,,,,,,,,,,,,,,,,
Specifica,A1.2,A1.2 - Associazione o altra organizzazione non profit,,TRUE,Comune,,,,text_short_alfanum,,,,,,,,,,,,,,,,,,,,,,,,,,,,
Specifica,A1.2,A1.2 - Associazione o altra organizzazione non profit,,TRUE,Sito web,,,,text_short_alfanum,,,,,,,,,,,,,,,,,,,,,,,,,,,,
Specifica,A1.2,A1.2 - Associazione o altra organizzazione non profit,,TRUE,Tipologia di organizzazione,,,,radio,,,,Associazione culturale,Associazione ONLUS,Cooperativa sociale di tipo B o C,Fondazione,Comitato civico,,,,,,,,,,,,,,,,,,,,
Specifica,A1.2,A1.2 - Associazione o altra organizzazione non profit,,TRUE,Finalità e settore di attività definiti da statuto,Max. 250 caratteri,,,text_long_alfanum,,,,,,,,,,,,,,,,,,,,,,,,,,,,
Specifica,A1.2,A1.2 - Associazione o altra organizzazione non profit,,TRUE,B2B/B2C (La sua organizzazione offre al consumatore diretto (business to consumer - B2C) oppure a imprese o altre realtà commerciali (business to business - B2B)?,,,,radio,,,,B2B,B2C,Entrambe,,,,,,,,,,,,,,,,,,,,,,
Specifica,A1.2,A1.2 - Associazione o altra organizzazione non profit,,TRUE,number dipendenti,,,,radio,,,,0-14,15-49,50-249,>250,,,,,,,,,,,,,,,,,,,,,
Specifica,A1.2,A1.2 - Associazione o altra organizzazione non profit,,TRUE,number soci,,,,radio,,,,<10,10-100,100-200,>200,,,,,,,,,,,,,,,,,,,,,
Specifica,A1.2,A1.2 - Associazione o altra organizzazione non profit,,TRUE,number volontari,,,,radio,,,,<10,10-100,100-200,>200,,,,,,,,,,,,,,,,,,,,,
Specifica,A1.2,A1.2 - Associazione o altra organizzazione non profit,,TRUE,Anno di nascita dell’organizzazione,,,,data,,,,,,,,,,,,,,,,,,,,,,,,,,,,
Specifica,A1.2,A1.2 - Associazione o altra organizzazione non profit,,TRUE,Anno di avvio delle iniziative nel campo dell’Economia circolare,,,,data,,,,,,,,,,,,,,,,,,,,,,,,,,,,
Specifica,A1.2,A1.2 - Associazione o altra organizzazione non profit,,TRUE,Descrizione dell’associazione o altra organizzazione no profit,"Min. 500 caratteri, max. 2000 caratteri. Utilizza la terza persona e il tempo verbale presente.",,,text_long_alfanum,,,,,,,,,,,,,,,,,,,,,,,,,,,,
Specifica,A1.3,A1.3 - Ente di ricerca,,TRUE,Denominazione,,,,text_short_alfanum,,,,,,,,,,,,,,,,,,,,,,,,,,,,
Specifica,A1.3,A1.3 - Ente di ricerca,,TRUE,Indirizzo sede,,,,text_short_alfanum,,,,,,,,,,,,,,,,,,,,,,,,,,,,
Specifica,A1.3,A1.3 - Ente di ricerca,,TRUE,Regione,,,,text_short_alfanum,,,,,,,,,,,,,,,,,,,,,,,,,,,,
Specifica,A1.3,A1.3 - Ente di ricerca,,TRUE,Provincia,,,,text_short_alfanum,,,,,,,,,,,,,,,,,,,,,,,,,,,,
Specifica,A1.3,A1.3 - Ente di ricerca,,TRUE,Comune,,,,text_short_alfanum,,,,,,,,,,,,,,,,,,,,,,,,,,,,
Specifica,A1.3,A1.3 - Ente di ricerca,,TRUE,Sito web,,,,text_short_alfanum,,,,,,,,,,,,,,,,,,,,,,,,,,,,
Specifica,A1.3,A1.3 - Ente di ricerca,,TRUE,Tipologia di ente,,,,radio,,,,Pubblico,Privato,Altro (specificare),,,,,,,,,,,,,,,,,,,,,,
Specifica,A1.3,A1.3 - Ente di ricerca,,TRUE,Temi di ricerca e settori di applicazione,,,,text_short_alfanum,,,,,,,,,,,,,,,,,,,,,,,,,,,,
Specifica,A1.3,A1.3 - Ente di ricerca,,TRUE,number dipendenti,,,,text_short_alfanum,,,,,,,,,,,,,,,,,,,,,,,,,,,,
Specifica,A1.3,A1.3 - Ente di ricerca,,TRUE,Anno di nascita dell’ente di ricerca,,,,data,,,,,,,,,,,,,,,,,,,,,,,,,,,,
Specifica,A1.3,A1.3 - Ente di ricerca,,TRUE,Anno di avvio delle iniziative nel campo dell’Economia circolare,,,,data,,,,,,,,,,,,,,,,,,,,,,,,,,,,
Specifica,A1.3,A1.3 - Ente di ricerca,,TRUE,Descrizione dell’ente di ricerca,"Min. 500 caratteri, max. 2000 caratteri. Utilizza la terza persona e il tempo verbale presente.",,,text_short_alfanum,,,,,,,,,,,,,,,,,,,,,,,,,,,,
Specifica,A1.4,A1.4 - Pubblica amministrazione,,TRUE,Denominazione,,,,text_short_alfanum,,,,,,,,,,,,,,,,,,,,,,,,,,,,
Specifica,A1.4,A1.4 - Pubblica amministrazione,,TRUE,Indirizzo sede,,,,text_short_alfanum,,,,,,,,,,,,,,,,,,,,,,,,,,,,
Specifica,A1.4,A1.4 - Pubblica amministrazione,,TRUE,Regione,,,,text_short_alfanum,,,,,,,,,,,,,,,,,,,,,,,,,,,,
Specifica,A1.4,A1.4 - Pubblica amministrazione,,TRUE,Provincia,,,,text_short_alfanum,,,,,,,,,,,,,,,,,,,,,,,,,,,,
Specifica,A1.4,A1.4 - Pubblica amministrazione,,TRUE,Comune,,,,text_short_alfanum,,,,,,,,,,,,,,,,,,,,,,,,,,,,
Specifica,A1.4,A1.4 - Pubblica amministrazione,,TRUE,Sito web,,,,text_short_alfanum,,,,,,,,,,,,,,,,,,,,,,,,,,,,
Specifica,A1.4,A1.4 - Pubblica amministrazione,,TRUE,Tipologia di ente pubblico,,,,radio,,,,Ministero,Regione,Provincia,Comune,Ente Parco,Altro (specificare),,,,,,,,,,,,,,,,,,,
Specifica,A1.4,A1.4 - Pubblica amministrazione,,TRUE,number dipendenti,,,,radio,,,,0-14,15-49,50-249,>250,,,,,,,,,,,,,,,,,,,,,
Specifica,A1.4,A1.4 - Pubblica amministrazione,,TRUE,Anno di nascita dell’ente/istituzione,,,,data,,,,,,,,,,,,,,,,,,,,,,,,,,,,
Specifica,A1.4,A1.4 - Pubblica amministrazione,,TRUE,Anno di avvio delle iniziative nel campo dell’Economia circolare,,,,data,,,,,,,,,,,,,,,,,,,,,,,,,,,,
Specifica,A1.4,A1.4 - Pubblica amministrazione,,TRUE,Descrizione della Pubblica amministrazione,"Min. 500 caratteri, max. 2000 caratteri. Utilizza la terza persona e il tempo verbale presente.",,,text_long_alfanum,,,,,,,,,,,,,,,,,,,,,,,,,,,,
Comune,A2,A2 - Orientamenti generali dell’organizzazione in tema di ec,,FALSE,,,,,,,,,,,,,,,,,,,,,,,,,,,,,,,,,
Comune,A2 - D1,A2 - Orientamenti generali dell’organizzazione in tema di ec,Dimensione 1 – progettazione circolare (ecodesign),TRUE,"La tua organizzazione utilizza strumenti a supporto della progettazione in ottica di ciclo, quali LCA?",,,,boolean,,,,Si,No,,,,,,,,,,,,,,,,,,,,,,,
Comune,A2 - D10,A2 - Orientamenti generali dell’organizzazione in tema di ec,Dimensione 10 - riferimenti a standard ambientali e riconoscimenti ottenuti,TRUE,La tua organizzazione aderisce a sistemi di gestione ambientale e/o energetica?,,,,checkbox,,,,EMAS,ISO 14001,ISO 50001,Nessuno dei precedenti,,,,,,,,,,,,,,,,,,,,,
Comune,A2 - D10,A2 - Orientamenti generali dell’organizzazione in tema di ec,Dimensione 10 - riferimenti a standard ambientali e riconoscimenti ottenuti,TRUE,La tua organizzazione redige il bilancio di sostenibilità?,,,,boolean,,,,Si, No,,,,,,,,,,,,,,,,,,,,,,,
Comune,A2 - D10,A2 - Orientamenti generali dell’organizzazione in tema di ec,Dimensione 10 - riferimenti a standard ambientali e riconoscimenti ottenuti,TRUE,POLITICHE DI SOSTENIBILITÀ AMBIENTALE E SOCIALE”,"Min. 500 caratteri, max. 2000 caratteri. Utilizza la terza persona e il tempo verbale presente.
",,,text_long_alfanum,,,,,,,,,,,,,,,,,,,,,,,,,,,,
Comune,A2 - D2,A2 - Orientamenti generali dell’organizzazione in tema di ec,Dimensione 2 - approvvigionamento materiali e risorse,TRUE,La tua organizzazione ha sostituito l’uso di energia e carburanti da fonti fossili?,,,,checkbox,,,,"Si, acquistando energia elettrica da fonti rinnovabili","Si, acquistando energia termica da fonti rinnovabili","Si, acquistando carburanti da fonti rinnovabili","Si, autoproducendo energia da fonti rinnovabili","Si, autoproducendo carburanti da fonti rinnovabili","No
",,,,,,,,,,,,,,,,,,,
Comune,A2 - D2,A2 - Orientamenti generali dell’organizzazione in tema di ec,Dimensione 2 - approvvigionamento materiali e risorse,TRUE,La tua organizzazione consegue Certificati Verdi,,,,boolean,,,,Si," No
",,,,,,,,,,,,,,,,,,,,,,,
Comune,A2 - D3,A2 - Orientamenti generali dell’organizzazione in tema di ec,Dimensione 3 - consumo di risorse naturali e materia,TRUE,La tua organizzazione ha attivato politiche e strumenti per la riduzione dei consumi di energia elettrica?,,,,boolean,,,,Si," No
",,,,,,,,,,,,,,,,,,,,,,,
Comune,A2 - D3,A2 - Orientamenti generali dell’organizzazione in tema di ec,Dimensione 3 - consumo di risorse naturali e materia,TRUE,La tua organizzazione ha attivato politiche e strumenti per la riduzione dei consumi di energia termica?,,,,boolean,,,,Si," No
",,,,,,,,,,,,,,,,,,,,,,,
Comune,A2 - D3,A2 - Orientamenti generali dell’organizzazione in tema di ec,Dimensione 3 - consumo di risorse naturali e materia,TRUE,La tua organizzazione ha attivato politiche e strumenti per la riduzione dei consumi di carburante per gli spostamenti di merci e persone?,,,,boolean,,,,Si," No
",,,,,,,,,,,,,,,,,,,,,,,
Comune,A2 - D3,A2 - Orientamenti generali dell’organizzazione in tema di ec,Dimensione 3 - consumo di risorse naturali e materia,TRUE,Nella tua organizzazione è formalizzata la presenza della figura di energy manager?,,,,boolean,,,,Si," No
",,,,,,,,,,,,,,,,,,,,,,,
Comune,A2 - D3,A2 - Orientamenti generali dell’organizzazione in tema di ec,Dimensione 3 - consumo di risorse naturali e materia,TRUE,La tua organizzazione consegue Certificati Bianchi (o titoli di Efficienza Energetica)?,,,,boolean,,,,Si," No
",,,,,,,,,,,,,,,,,,,,,,,
Comune,A2 - D3,A2 - Orientamenti generali dell’organizzazione in tema di ec,Dimensione 3 - consumo di risorse naturali e materia,TRUE,La tua organizzazione ha attivato politiche e strumenti per la riduzione dei consumi idrici?,,,,boolean,,,,Si," No
",,,,,,,,,,,,,,,,,,,,,,,
Comune,A2 - D4,A2 - Orientamenti generali dell’organizzazione in tema di ec,"Dimensione 4 - gestione rifiuti, scarti ed emissioni",TRUE,La tua organizzazione ha incrementato e/o ha attivato politiche e strumenti per una gestione sostenibile dei rifiuti?,,,,checkbox,,,,"Si, con aumento della quota di rifiuti raccolti in maniera differenziata"," Si, con aumento della quota di rifiuti raccolti avviati a recupero e riciclo"," No
",,,,,,,,,,,,,,,,,,,,,,
Comune,A2 - D4,A2 - Orientamenti generali dell’organizzazione in tema di ec,"Dimensione 4 - gestione rifiuti, scarti ed emissioni",TRUE,La tua organizzazione utilizza strumenti per la misurazione delle emissioni climalteranti?,,,,checkbox,,,,"Si, Carbon Footprint"," Si, altro strumento di misurazione"," No
",,,,,,,,,,,,,,,,,,,,,,
Comune,A2 - D4,A2 - Orientamenti generali dell’organizzazione in tema di ec,"Dimensione 4 - gestione rifiuti, scarti ed emissioni",TRUE,La tua organizzazione compensa le emissioni climalteranti non evitabili?,,,,checkbox,,,,"Si, mediante l’acquisto di Certificati Verdi"," Si, mediante l’acquisto di crediti"," Si, tramite la realizzazione di progetti (es: riforestazione)", No,,,,,,,,,,,,,,,,,,,,,
Comune,A2 - D5,A2 - Orientamenti generali dell’organizzazione in tema di ec,Dimensione 5 - trasporti e distribuzione,TRUE,"La tua organizzazione aderisce a sistemi di certificazione dei trasporti e logistica, quali per esempio il protocollo Sustainable Logistics?",,,,boolean,,,,Si," No
",,,,,,,,,,,,,,,,,,,,,,,
Comune,A2 - D6,A2 - Orientamenti generali dell’organizzazione in tema di ec,Dimensione 6 - promozione di stili di vita sostenibili,TRUE,La tua organizzazione promuove la mobilità sostenibile per i tragitti casa-lavoro dei dipendenti?,,,,checkbox,,,,"Si, attraverso car pooling aziendale","Si, attraverso car sharing aziendale","Si, fornendo servizi per la mobilità ciclistica","Si, fornendo la connessione con la rete ciclopedonale","Si, fornendo la connessione con la rete del TPL","Si, è istituita la figura di mobility manager",No,,,,,,,,,,,,,,,,,,
Comune,A2 - D6,A2 - Orientamenti generali dell’organizzazione in tema di ec,Dimensione 6 - promozione di stili di vita sostenibili,TRUE,La tua organizzazione promuove comportamenti virtuosi dei dipendenti in relazione alla riduzione della produzione dei rifiuti e loro corretta gestione?,,,,checkbox,,,,"Si, fornendo informazione e comunicazione su scopi e risultati di comportamenti sostenibili in tema di rifiuti","Si, sostenendo la riduzione del consumo di carta (es: stampa necessaria e intelligente) e imballaggi (es: consumo acqua del rubinetto o da distributori)","Si, sostenendo il riutilizzo di carta e altri materiali/oggetti utilizzati","Si, sostenendo la raccolta differenziata anche delle frazioni generalmente non raccolte in ufficio (es: organico)", No,,,,,,,,,,,,,,,,,,,,
Comune,A2 - D6,A2 - Orientamenti generali dell’organizzazione in tema di ec,Dimensione 6 - promozione di stili di vita sostenibili,TRUE,La tua organizzazione promuove comportamenti virtuosi dei dipendenti in relazione alla riduzione del consumo di energia e acqua?,,,,checkbox,,,,"Si, fornendo informazione e comunicazione su scopi e risultati di comportamenti virtuosi in tema di consumi di energia e acqua","Si, fornendo strumenti per il monitoraggio dei consumi e della temperatura nei locali di lavoro","Si, formando sull’uso di strumenti per la riduzione dei consumi (es: ciabatte per lo spegnimento dello stand-by; illuminazione rubinetti temporizzati o con fotocellula; illuminazione con sensori di presenza nei luoghi di passaggio; regolatori della temperatura negli uffici)",No,,,,,,,,,,,,,,,,,,,,,
Comune,A2 - D6,A2 - Orientamenti generali dell’organizzazione in tema di ec,Dimensione 6 - promozione di stili di vita sostenibili,TRUE,La tua organizzazione è dotata di strumenti a sostegno del consumo sostenibile?,,,,checkbox,,,,"Si, strumenti che favoriscono la creazione di community finalizzate allo scambio e riuso di beni non utilizzati","Si, strumenti per sostenere il corretto riutilizzo, riciclo, conferimento dei beni a fine vita","Si, strumenti di comunicazione e informazione circa i vantaggi sociali, ambientali ed economici del consumo, sostenibile",No,,,,,,,,,,,,,,,,,,,,,
Comune,A2 - D7,A2 - Orientamenti generali dell’organizzazione in tema di ec,Dimensione 7 - filiera circolare,TRUE,La tua organizzazione utilizza un sistema di qualificazione ambientale e sociale dei fornitori (vendor rating sostenibile)?,,,,boolean,,,,Si," No
",,,,,,,,,,,,,,,,,,,,,,,
Comune,A2 - D7,A2 - Orientamenti generali dell’organizzazione in tema di ec,Dimensione 7 - filiera circolare,TRUE,"La tua organizzazione utilizza criteri ambientali e sociali per gli “acquisti caratteristici” (acquisti che entrano direttamente nel ciclo produttivo, per es. per una azienda tessile il macchinario di tessitura, il materiale tessile; per un ente di ricerca le attrezzature tecniche e tecnologiche)?",,,,boolean,,,,Si," No
",,,,,,,,,,,,,,,,,,,,,,,
Comune,A2 - D7,A2 - Orientamenti generali dell’organizzazione in tema di ec,Dimensione 7 - filiera circolare,TRUE,"La tua organizzazione utilizza criteri ambientali e sociali per gli “acquisti ordinari” (acquisti che non entrano nel ciclo produttivo, es: carta per ufficio, servizio mensa, noleggio auto, energia per gli uffici, etc.)?",,,,boolean,,,,Si," No
",,,,,,,,,,,,,,,,,,,,,,,
Comune,A2 - D7,A2 - Orientamenti generali dell’organizzazione in tema di ec,Dimensione 7 - filiera circolare,TRUE,"La tua organizzazione ha attivato partnership e accordi per la collaborazione stabile con altre organizzazioni finalizzata allo scambio di risorse - materie, sottoprodotti, cascami energetici, servizi, expertise, etc - in ottica di simbiosi industriale?",,,,boolean,,,,Si," No
",,,,,,,,,,,,,,,,,,,,,,,
Comune,A2 - D7,A2 - Orientamenti generali dell’organizzazione in tema di ec,Dimensione 7 - filiera circolare,TRUE,"La tua organizzazione sostiene la formazione di reti commerciali locali, attraverso la selezione di fornitori locali",,,,boolean,,,,Si," No
",,,,,,,,,,,,,,,,,,,,,,,
Comune,A2 - D8,A2 - Orientamenti generali dell’organizzazione in tema di ec,Dimensione 8 - valore condiviso e comunita' territoriali,TRUE,La tua organizzazione promuove il miglioramento ambientale/sociale degli attori della catena di fornitura?,,,,checkbox,,,,"Sì, giornate di formazione interna","Sì, workshop e convegni","Sì, azioni di sensibilizzazione mirate",No ,,,,,,,,,,,,,,,,,,,,,
Comune,A2 - D8,A2 - Orientamenti generali dell’organizzazione in tema di ec,Dimensione 8 - valore condiviso e comunita' territoriali,TRUE,La tua organizzazione realizza iniziative di valorizzazione delle comunità e del patrimonio naturalistico-culturale territoriale?,,,,checkbox,,,,"Sì, con eventi di sensibilizzazione e divulgazione","Sì, con laboratori e incontri formativi","Sì, con attività di promozione turistico-sportive","Sì, con campagne di sensibilizzazione",No,,,,,,,,,,,,,,,,,,,,
Comune,A2 - D8,A2 - Orientamenti generali dell’organizzazione in tema di ec,Dimensione 8 - valore condiviso e comunita' territoriali,TRUE,La tua organizzazione impiega stabilmente lavoratori residenti nell’area di insediamento (nello stesso comune o in quelli limitrofi)?,,,,radio,,,,"Si, fino al 10% del personale impiegato","Si, tra il 10% e il 20% del personale impiegato","Si, oltre il 20%","No
",,,,,,,,,,,,,,,,,,,,,
Comune,A2 - D8,A2 - Orientamenti generali dell’organizzazione in tema di ec,Dimensione 8 - valore condiviso e comunita' territoriali,TRUE,"La tua organizzazione ha promosso la creazione di altre realtà economiche, sociali e culturali connesse alla propria mission?",,,,checkbox,,,,"Sì, creazione di Onlus e/o Cooperative sociali","Sì, creazione di Fondazioni di erogazione","Sì, creazione di spazi culturali e/o sociali aperti al pubblico","Sì, magazine/blog di news ambientali","No
",,,,,,,,,,,,,,,,,,,,
Comune,A2 - D8,A2 - Orientamenti generali dell’organizzazione in tema di ec,Dimensione 8 - valore condiviso e comunita' territoriali,TRUE,La tua organizzazione ha individuato nuove figure professionali connesse all’Economia Circolare (Green Jobs)?,,,,checkbox,,,,"Si, che sono formate all’interno nell’organizzazione","Si, che sono ricercate all’esterno dell’organizzazione",No,,,,,,,,,,,,,,,,,,,,,,
Comune,A2 - D8,A2 - Orientamenti generali dell’organizzazione in tema di ec,Dimensione 8 - valore condiviso e comunita' territoriali,TRUE,La tua organizzazione si affida a intermediari finanziari attenti a promuovere politiche di sostenibilità e responsabilità sociale e ambientale?,,,,boolean,,,,Si, No,,,,,,,,,,,,,,,,,,,,,,,
Comune,A2 - D9,A2 - Orientamenti generali dell’organizzazione in tema di ec,Dimensione 9 - inclusività sociale,TRUE,La tua organizzazione ha attivato iniziative di conciliazione / welfare aziendale?,,,,checkbox,,,,"Si, flessibilità orario/luogo di lavoro"," Si, servizi/facilitazioni per la famiglia"," Si, benefit di natura monetaria", No,,,,,,,,,,,,,,,,,,,,,
Comune,A2 - D9,A2 - Orientamenti generali dell’organizzazione in tema di ec,Dimensione 9 - inclusività sociale,TRUE,La tua organizzazione ha attivato iniziative per la promozione dell’uguaglianza di genere?,,,,checkbox,,,,"Sì, utilizzo di linguaggio di genere nelle comunicazioni e nei documenti"," Sì, rotazione e/o condivisione delle cariche fra uomini e donne"," Sì, pari rappresentanza di uomini e donne negli organi rappresentativi"," Sì, azioni di comunicazione e sensibilizzazione mirate"," Nessuna delle precedenti
",,,,,,,,,,,,,,,,,,,,
Comune,A2 - D9,A2 - Orientamenti generali dell’organizzazione in tema di ec,Dimensione 9 - inclusività sociale,TRUE,La tua organizzazione impiega persone considerate soggetti svantaggiati in quota superiore al limite di legge?,,,,checkbox,,,,"Si, in particolare disabili fisici e/o psichici","Si, in particolare ex tossicodipendenti","Si, in particolare ex carcerati","Si, in particolare migranti","Si, altre categorie",No,,,,,,,,,,,,,,,,,,,
Comune,A2 - D9,A2 - Orientamenti generali dell’organizzazione in tema di ec,Dimensione 9 - inclusività sociale,TRUE,La tua organizzazione impiega lavoratori appartenenti a categorie protette in quota superiore al limite di legge?,,,,boolean,,,,Si, No,,,,,,,,,,,,,,,,,,,,,,,
Comune,A3,"C1 - Riferimenti e Contatti
",,TRUE,Nome e Cognome,,,,text_short_alfanum,,,,,,,,,,,,,,,,,,,,,,,,,,,,
Comune,A3,"C1 - Riferimenti e Contatti
",,TRUE,Incarico ricoperto o mansione svolta,,,,text_short_alfanum,,,,,,,,,,,,,,,,,,,,,,,,,,,,
Comune,A3,"C1 - Riferimenti e Contatti
",,TRUE,Contatto mail lavorativo,,,,text_short_alfanum,,,,,,,,,,,,,,,,,,,,,,,,,,,,
Comune,A3,"C1 - Riferimenti e Contatti
",,TRUE,Contatto telefonico lavorativo,,,,text_short_alfanum,,,,,,,,,,,,,,,,,,,,,,,,,,,,
Comune,A4,D1 - Liberatoria,,TRUE,Liberatoria per autorizzazione al trattamento e pubblicazione dati aziendali,,,,text_short_alfanum,,,,,,,,,,,,,,,,,,,,,,,,,,,,
Comune,B,B - Buona pratica,Buona pratica,TRUE,Quale iniziativa (o quali iniziative) svolta dalla tua organizzazione proponi di inserire nell’Atlante?,,,,radio,,,,Modello produttivo circolare (vai alla sezione B1.1),Prodotto circolare (vai alla sezione B1.2),Materia Prima Seconda (MPS) (vai alla sezione B1.3),Servizio circolare (vai alla sezione B1.4),"Oggetto (prodotto, attrezzatura, tecnologia, impianto, etc.) abilitante all’economia circolare (vai alla sezione B1.5)",Progetto di ricerca/sperimentazione sull’economia circolare (vai alla sezione B1.6),,,,,,,,,,,,,,,,,,,
Specifica,B1.1,B1.1 – Modello produttivo circolare,,TRUE,Nome del modello/organizzazione,,,,text_short_alfanum,,,,VALUE!,,,,,,,,,,,,,,,,,,,,,,,,
Specifica,B1.1,B1.1 – Modello produttivo circolare,,TRUE,Categoria merceologica prevalente,,,,radio,,,,Agricoltura e zootecnia,"Alimentari: produzione, distribuzione e ridistribuzione","Carta, stampa e cancelleria","Commercio e mercatini (grande, media e piccola distribuzione, mercati dell’usato, e-commerce)","Cultura, arte, sport, tempo libero","Edilizia, costruzioni, ristrutturazioni","Educazione, sensibilizzazione, informazione, accompagnamento e consulenza",Elettronica,"Piattaforme che supportano sharing, networking e scambio di beni e competenze e/o applicazione mobile",Imballaggi,Mobili e complementi di arredo,"Mobilità, trasporti e logistica",Produzione e distribuzione di energia,"Pulizia, igiene e cosmetica (casalinghi e prodotti per la persona)",Raccolta e gestione dei rifiuti,"Tessile, abbigliamento, pelli, calzature e accessori","Turismo, ricettività, eventi, ristorazione",,,,,,,,
Specifica,B1.1,B1.1 – Modello produttivo circolare,,FALSE,Categoria merceologica secondaria (opzionale),,,,radio,,,,Agricoltura e zootecnia,"Alimentari: produzione, distribuzione e ridistribuzione","Carta, stampa e cancelleria","Commercio e mercatini (grande, media e piccola distribuzione, mercati dell’usato, e-commerce)","Cultura, arte, sport, tempo libero","Edilizia, costruzioni, ristrutturazioni","Educazione, sensibilizzazione, informazione, accompagnamento e consulenza",Elettronica,"Piattaforme che supportano sharing, networking e scambio di beni e competenze e/o applicazione mobile",Imballaggi,Materia Prima Seconda (MPS) da materiali riciclati,Mobili e complementi di arredo,"Mobilità, trasporti e logistica",Produzione e distribuzione di energia,"Pulizia, igiene e cosmetica (casalinghi e prodotti per la persona)",Raccolta e gestione dei rifiuti,"Tessile, abbigliamento, pelli, calzature e accessori","Turismo, ricettività, eventi, ristorazione",,,,,,,
Specifica,B1.1,B1.1 – Modello produttivo circolare,,TRUE,Quali fasi dell’economia circolare intercetta il tuo modello circolare?,,,,checkbox,,,,Progettazione,Approvvigionamento delle materie e risorse ,Produzione,"Logistica, trasporti e distribuzione",Supporto al consumo,Raccolta dei rifiuti,Riciclaggio,,,,,,,,,,,,,,,,,,
Specifica,B1.1,B1.1 – Modello produttivo circolare,,TRUE,Descrizione del modello,"Min. 250 caratteri, max. 1000 caratteri. Utilizza la terza persona e il tempo verbale presente.",,,text_long_alfanum,,,,,,,,,,,,,,,,,,,,,,,,,,,,
Specifica,B1.1 - D1,B1.1 – Modello produttivo circolare,Dimensione 1 – progettazione circolare (ecodesign),TRUE,Su quali principi strategici si basa il tuo modello circolare?,,,,checkbox,,,,Allungamento della vita dei prodotti,"Recupero, riutilizzo e riciclo di qualità",Transizione da prodotto a servizio,Approvvigionamento di materie prime seconde ed energie rinnovabili,Efficienza nell’uso di materia e risorse,Prevenzione e riduzione della produzione di rifiuti,Prevenzione e riduzione delle emissioni inquinanti,"Prevenzione, riduzione e compensazione delle emissioni climalteranti",Supporto al consumo responsabile,Supporto alla modifica dei comportamenti dei singoli verso modelli virtuosi,"Collaborazione e condivisione tra soggetti della medesima filiera o di diverse filiere
",,,,,,,,,,,,,,
Specifica,B1.1 - D10,B1.1 – Modello produttivo circolare,Dimensione 10 - riferimenti a standard ambientali e riconoscimenti ottenuti,TRUE,"Il modello produttivo ha ottenuto menzioni, premi, riconoscimenti, citazioni in articoli e stampa, in relazione al suo contenuto di economia circolare?",,,,boolean,,,,,,,,,,,,,,,,,,,,,,,,,,,,
Specifica,B1.1 - D10,B1.1 – Modello produttivo circolare,Dimensione 10 - riferimenti a standard ambientali e riconoscimenti ottenuti,FALSE,"Descrizione di menzioni, premi, riconoscimenti, citazioni ottenuti",Campo testo max 250 caratteri + Upload di eventuali file,,,text_short_alfanum,,.pdf,,,,,,,,,,,,,,,,,,,,,,,,,,
Specifica,B1.1 - D10,B1.1 – Modello produttivo circolare,Dimensione 10 - riferimenti a standard ambientali e riconoscimenti ottenuti,TRUE,Caratteristiche di circolarità: descrivi le caratteristiche che rendono circolare il tuo modello,"Min. 500 caratteri, max. 2000 caratteri. Utilizza la terza persona e il tempo verbale presente.",,,text_long_alfanum,,,,,,,,,,,,,,,,,,,,,,,,,,,,
Specifica,B1.2,B1.2 - Prodotto circolare,,TRUE,Nome del prodotto,,,,text_short_alfanum,,,,,,,,,,,,,,,,,,,,,,,,,,,,
Specifica,B1.2,B1.2 - Prodotto circolare,,TRUE,Categoria merceologica prevalente,,,,radio,,,,Agricoltura e zootecnia,"Alimentari: produzione, distribuzione e ridistribuzione","Carta, stampa e cancelleria","Commercio e mercatini (grande, media e piccola distribuzione, mercati dell’usato, e-commerce)","Cultura, arte, sport, tempo libero","Edilizia, costruzioni, ristrutturazioni","Educazione, sensibilizzazione, informazione, accompagnamento e consulenza",Elettronica,"Piattaforme che supportano sharing, networking e scambio di beni e competenze e/o applicazione mobile",Imballaggi,Mobili e complementi di arredo,"Mobilità, trasporti e logistica",Produzione e distribuzione di energia,"Pulizia, igiene e cosmetica (casalinghi e prodotti per la persona)",Raccolta e gestione dei rifiuti,"Tessile, abbigliamento, pelli, calzature e accessori","Turismo, ricettività, eventi, ristorazione",,,,,,,,
Specifica,B1.2,B1.2 - Prodotto circolare,,FALSE,Categoria merceologica secondaria (opzionale),,,,radio,,,,Agricoltura e zootecnia,"Alimentari: produzione, distribuzione e ridistribuzione","Carta, stampa e cancelleria","Commercio e mercatini (grande, media e piccola distribuzione, mercati dell’usato, e-commerce)","Cultura, arte, sport, tempo libero","Edilizia, costruzioni, ristrutturazioni","Educazione, sensibilizzazione, informazione, accompagnamento e consulenza,
Elettronica","Piattaforme che supportano sharing, networking e scambio di beni e competenze e/o applicazione mobile",Imballaggi,Materia Prima Seconda (MPS) da materiali riciclati,Mobili e complementi di arredo,"Mobilità, trasporti e logistica",Produzione e distribuzione di energia,"Pulizia, igiene e cosmetica (casalinghi e prodotti per la persona)",Raccolta e gestione dei rifiuti,"Tessile, abbigliamento, pelli, calzature e accessori","Turismo, ricettività, eventi, ristorazione",,,,,,,,
Specifica,B1.2,B1.2 - Prodotto circolare,,TRUE,Descrizione del prodotto,"Min. 250 caratteri, max. 1000 caratteri. Utilizza la terza persona e il tempo verbale presente.
",,,text_long_alfanum,,,,,,,,,,,,,,,,,,,,,,,,,,,,
Specifica,B1.2 - D1,B1.2 - Prodotto circolare,Dimensione 1 – progettazione circolare (ecodesign),TRUE,Il prodotto è stato progettato per avere una vita più lunga?,,,,checkbox,,,,"Si, con attenzione alla solidità del prodotto","Si, con attenzione alla riparabilità del prodotto e/o delle sue componenti","Si, con attenzione alla reperibilità delle parti di ricambio",No,,,,,,,,,,,,,,,,,,,,,
Specifica,B1.2 - D1,B1.2 - Prodotto circolare,Dimensione 1 – progettazione circolare (ecodesign),TRUE,Il prodotto è stato progettato per essere flessibile/adattabile?,,,,checkbox,,,,"Si, con attenzione alla modularità","Si, con attenzione alla scomponibilità","Si, con attenzione alla disassemblabilità dei prodotti in componenti monomateriale", singolarmente riciclabili o riutilizzabili,No,,,,,,,,,,,,,,,,,,,,
Specifica,B1.2 - D1,B1.2 - Prodotto circolare,Dimensione 1 – progettazione circolare (ecodesign),TRUE,Il prodotto è stato progettato per avere una seconda vita?,,,,checkbox,,,,"Si, con attenzione alla ri-utilizzabilità del prodotto e/o delle sue componenti","Si, con attenzione alla rigenerabilità del prodotto e/o delle sue componenti","Si, con attenzione alla reperibilità delle ricariche",No,,,,,,,,,,,,,,,,,,,,,
Specifica,B1.2 - D1,B1.2 - Prodotto circolare,Dimensione 1 – progettazione circolare (ecodesign),TRUE,Il prodotto è stato progettato per essere recuperato a fine vita?,,,,checkbox,,,,"Si, con attenzione alla riciclabilità del prodotto e/o delle sue componenti","Si, con attenzione alla biodegradabilità e/o compostabilità del prodotto e/o delle sue componenti","No
",,,,,,,,,,,,,,,,,,,,,,
Specifica,B1.2 - D1,B1.2 - Prodotto circolare,Dimensione 1 – progettazione circolare (ecodesign),TRUE,La progettazione del prodotto comprende la progettazione di un imballaggio con minore impatto?,,,,checkbox,,,,"Si, con attenzione alla eliminazione dell’imballaggio","Si, con attenzione alla riduzione dell’imballaggio",Si con attenzione alla riciclabilità dell’imballaggio,"Si, con attenzione alla seconda vita dell’imballaggio",No,,,,,,,,,,,,,,,,,,,,
Specifica,B1.2 - D1,B1.2 - Prodotto circolare,Dimensione 1 – progettazione circolare (ecodesign),TRUE,"La progettazione del prodotto comprende la progettazione di servizi per la sua fornitura in regime di comodato d’uso/leasing/noleggio, attraverso cui promuovere il passaggio dall’acquisto di prodotti all’acquisto di servizi che ne garantiscono l’uso, ma anche la manutenzione, la sostituzione a fine vita, una maggiore flessibilità, etc (secondo la logica product as a service)?",,,,boolean,,,,Si," No
",,,,,,,,,,,,,,,,,,,,,,,
Specifica,B1.2 - D1,B1.2 - Prodotto circolare,Dimensione 1 – progettazione circolare (ecodesign),TRUE,La progettazione del prodotto comprende la pianificazione della logistica e dei flussi di ritorno?,,,,checkbox,,,,"Si, con l’attivazione di sistemi di reverse-logistic che realizzano sinergie tra flussi di approvvigionamento materia, distribuzione prodotti e raccolta rifiuti/resi","Si, attraverso il collocamento dei resi in mercati secondari","Si, pianificando attività di ri-manifattura, riutilizzo, riparazione dei prodotti",No,,,,,,,,,,,,,,,,,,,,,
Specifica,B1.2 - D10,B1.2 - Prodotto circolare,Dimensione 10 - riferimenti a standard ambientali e riconoscimenti ottenuti,TRUE,Il prodotto ha ottenuto la certificazione ambientale di prodotto secondo gli schemi esistenti?,,,,checkbox,,,,"Si, Ecolabel o altra etichettatura ambientale di Tipo I - ISO 14024","Si, autodichiarazione ambientale di Tipo II- ISO 14021","Si, EPD o altra dichiarazione ambientale di prodotto di Tipo III - ISO 14025",No,,,,,,,,,,,,,,,,,,,,,
Specifica,B1.2 - D10,B1.2 - Prodotto circolare,Dimensione 10 - riferimenti a standard ambientali e riconoscimenti ottenuti,TRUE,"Il prodotto ha ottenuto menzioni, premi, riconoscimenti, citazioni in articoli e stampa, in relazione al suo contenuto di economia circolare?",,,,boolean,,,,Si, No,,,,,,,,,,,,,,,,,,,,,,,
Specifica,B1.2 - D10,B1.2 - Prodotto circolare,Dimensione 10 - riferimenti a standard ambientali e riconoscimenti ottenuti,FALSE,"Descrizione di menzioni, premi, riconoscimenti, citazioni ottenuti","Campo testo max 250 caratteri + Upload di eventuali file
",,,text_short_alfanum,,.pdf,,,,,,,,,,,,,,,,,,,,,,,,,,
Specifica,B1.2 - D10,B1.2 - Prodotto circolare,Dimensione 10 - riferimenti a standard ambientali e riconoscimenti ottenuti,FALSE,Caratteristiche di circolarità: descrivi le caratteristiche che rendono il tuo prodotto circolare,"Min. 500 caratteri, max. 2000 caratteri. Utilizza la terza persona e il tempo verbale presente.",,,text_long_alfanum,,,,,,,,,,,,,,,,,,,,,,,,,,,,
Specifica,B1.2 - D2,B1.2 - Prodotto circolare,Dimensione 2 - approvvigionamento materiali e risorse,TRUE,Il prodotto viene realizzato con materie prime seconde?,,,,radio,,,,"Si, totalmente"," Si, parzialmente", No,,,,,,,,,,,,,,,,,,,,,,
Specifica,B1.2 - D2,B1.2 - Prodotto circolare,Dimensione 2 - approvvigionamento materiali e risorse,TRUE,Il prodotto viene realizzato con biomateriali?,,,,radio,,,,"Si, totalmente"," Si, parzialmente", No,,,,,,,,,,,,,,,,,,,,,,
Specifica,B1.2 - D2,B1.2 - Prodotto circolare,Dimensione 2 - approvvigionamento materiali e risorse,TRUE,Nella realizzazione del prodotto è stato evitato il ricorso a materie in via di esaurimento (critical row materials)?,,,,radio,,,,"Si, totalmente"," Si, parzialmente", No,,,,,,,,,,,,,,,,,,,,,,
Specifica,B1.2 - D2,B1.2 - Prodotto circolare,Dimensione 2 - approvvigionamento materiali e risorse,TRUE,"Nella realizzazione del prodotto materie e sostanze inquinanti, tossiche, pericolose per impatto sulla salute e sull'ambiente sono state eliminate?",,,,radio,,,,"Si, totalmente"," Si, parzialmente", No,,,,,,,,,,,,,,,,,,,,,,
Specifica,B1.2 - D3,B1.2 - Prodotto circolare,Dimensione 3 - consumo di risorse naturali e materia,TRUE,Il prodotto è realizzato riducendo l'uso di materie prime a parità di produzione?,,,,boolean,,,,Si, No,,,,,,,,,,,,,,,,,,,,,,,
Specifica,B1.2 - D4,B1.2 - Prodotto circolare,"Dimensione 4 - gestione rifiuti, scarti ed emissioni",TRUE,In fase di produzione utilizzi sistemi e strumenti di controllo e ottimizzazione per la prevenzione della produzione di rifiuti e scarti?,,,,boolean,,,,Si, No,,,,,,,,,,,,,,,,,,,,,,,
Specifica,B1.2 - D4,B1.2 - Prodotto circolare,"Dimensione 4 - gestione rifiuti, scarti ed emissioni",TRUE,Gli scarti e i rifiuti derivanti dalla produzione del prodotto sono avviati recupero di materia?,,,,checkbox,,,,"Si, internamente al ciclo produttivo della mia organizzazione","Si, esternamente al ciclo produttivo della mia organizzazione", No,,,,,,,,,,,,,,,,,,,,,,
Specifica,B1.2 - D4,B1.2 - Prodotto circolare,"Dimensione 4 - gestione rifiuti, scarti ed emissioni",TRUE,Gli scarti e i rifiuti derivanti dalla produzione del prodotto sono avviati a recupero di energia?,,,,checkbox,,,,"Si, internamente al ciclo produttivo della mia organizzazione","Si, esternamente al ciclo produttivo della mia organizzazione",No,,,,,,,,,,,,,,,,,,,,,,
Specifica,B1.2 - D4,B1.2 - Prodotto circolare,"Dimensione 4 - gestione rifiuti, scarti ed emissioni",TRUE,In fase di produzione utilizzi sistemi e strumenti per la prevenzione e riduzione delle emissioni inquinanti in acqua?,,,,boolean,,,,Si, No,,,,,,,,,,,,,,,,,,,,,,,
Specifica,B1.2 - D4,B1.2 - Prodotto circolare,"Dimensione 4 - gestione rifiuti, scarti ed emissioni",TRUE,In fase di produzione utilizzi sistemi e strumenti per la prevenzione e riduzione delle emissioni inquinanti in atmosfera?,,,,boolean,,,,Si, No,,,,,,,,,,,,,,,,,,,,,,,
Specifica,B1.2 - D5,B1.2 - Prodotto circolare,Dimensione 5 - trasporti e distribuzione,TRUE,Per la distribuzione del prodotto applichi principi di ottimizzazione?,,,,checkbox,,,,"Si, modello matematico di ottimizzazione","Si, selezione dei tragitti migliori","Si, spedizioni a pieno carico","Si, condivisione dei mezzi di trasporto con altre organizzazioni",No,,,,,,,,,,,,,,,,,,,,
Specifica,B1.2 - D5,B1.2 - Prodotto circolare,Dimensione 5 - trasporti e distribuzione,TRUE,Nella costruzione del prezzo del prodotto sono state considerate le esternalità derivanti dai trasporti per l’approvvigionamento delle materie e la distribuzione del prodotto stesso?,,,,boolean,,,,Si, No,,,,,,,,,,,,,,,,,,,,,,,
Specifica,B1.2 - D5,B1.2 - Prodotto circolare,Dimensione 5 - trasporti e distribuzione,TRUE,Per la distribuzione del prodotto utilizzi una modalità sostenibile?,,,,checkbox,,,,"Si, ferrovia","Si, cargo bike",No,,,,,,,,,,,,,,,,,,,,,,
Specifica,B1.2 - D7,B1.2 - Prodotto circolare,Dimensione 7 - filiera circolare,TRUE,Il prodotto è realizzato con materie prime reperite localmente?,,,,boolean,,,,Si, No,,,,,,,,,,,,,,,,,,,,,,,
Specifica,B1.2 - D7,B1.2 - Prodotto circolare,Dimensione 7 - filiera circolare,TRUE,Il prodotto è venduto prioritariamente su mercato locale?,,,,checkbox,,,,"Si, grazie all’inserimento in reti di distribuzione di prodotti a km 0","Si, grazie ad accordi con rete di commercianti locali","Si, mediante la vendita diretta (spaccio aziendale, negozio, mercati)",No,,,,,,,,,,,,,,,,,,,,,
Specifica,B1.3,B1.3 - Mps,,TRUE,Nome della MPS,,,,text_short_alfanum,,,,,,,,,,,,,,,,,,,,,,,,,,,,
Specifica,B1.3,B1.3 - Mps,,TRUE,Tipologia di MPS,,,,radio,,,,Metalli,Vetro,Carta,Legno,Plastiche,Oli e sostanze chimiche,Fibre e tessuti,Materie organiche,"Materiali inerti lapidei (minerali, pietre, ghiaia etc.)",Componenti elettroniche,Imballaggi,Altro (specificare),,,,,,,,,,,,,
Specifica,B1.3,B1.3 - Mps,,TRUE,Categoria merceologica prevalente di impiego della MPS,,,,radio,,,,Agricoltura e zootecnia,"Alimentari: produzione, distribuzione e ridistribuzione","Carta, stampa e cancelleria","Commercio e mercatini (grande, media e piccola distribuzione, mercati dell’usato, e-commerce)","Cultura, arte, sport, tempo libero","Edilizia, costruzioni, ristrutturazioni","Educazione, sensibilizzazione, informazione, accompagnamento e consulenza",Elettronica,"Piattaforme che supportano sharing, networking e scambio di beni e competenze e/o applicazione mobile",Imballaggi,Mobili e complementi di arredo,"Mobilità, trasporti e logistica",Produzione e distribuzione di energia,"Pulizia, igiene e cosmetica (casalinghi e prodotti per la persona)",Raccolta e gestione dei rifiuti,"Tessile, abbigliamento, pelli, calzature e accessori","Turismo, ricettività, eventi, ristorazione",,,,,,,,
Specifica,B1.3,B1.3 - Mps,,FALSE,Altra categoria merceologica di impiego della MPS (opzionale),,,,radio,,,,Agricoltura e zootecnia,"Alimentari: produzione, distribuzione e ridistribuzione","Carta, stampa e cancelleria","Commercio e mercatini (grande, media e piccola distribuzione, mercati dell’usato, e-commerce)","Cultura, arte, sport, tempo libero","Edilizia, costruzioni, ristrutturazioni","Educazione, sensibilizzazione, informazione, accompagnamento e consulenza,
Elettronica","Piattaforme che supportano sharing, networking e scambio di beni e competenze e/o applicazione mobile",Imballaggi,Mobili e complementi di arredo,"Mobilità, trasporti e logistica",Produzione e distribuzione di energia,"Pulizia, igiene e cosmetica (casalinghi e prodotti per la persona)",Raccolta e gestione dei rifiuti,"Tessile, abbigliamento, pelli, calzature e accessori","Turismo, ricettività, eventi, ristorazione",,,,,,,,,
Specifica,B1.3,B1.3 - Mps,,TRUE,Descrizione della MPS,"Min. 250 caratteri, max. 1000 caratteri. Utilizza la terza persona e il tempo verbale presente.",,,text_long_alfanum,,,,,,,,,,,,,,,,,,,,,,,,,,,,
Specifica,B1.3 - D1,B1.3 - Mps,Dimensione 1 – progettazione circolare (ecodesign),TRUE,La MPS è stata progettata per avere una vita più lunga?,,,,boolean,,,,Si, No,,,,,,,,,,,,,,,,,,,,,,,
Specifica,B1.3 - D1,B1.3 - Mps,Dimensione 1 – progettazione circolare (ecodesign),TRUE,La MPS è stata progettata per avere una seconda vita?,,,,checkbox,,,,"Si, con attenzione alla ri-utilizzabilità","Si, con attenzione alla rigenerabilità",No,,,,,,,,,,,,,,,,,,,,,,
Specifica,B1.3 - D1,B1.3 - Mps,Dimensione 1 – progettazione circolare (ecodesign),TRUE,La MPS è stata progettata per essere recuperata a fine vita?,,,,checkbox,,,,"Si, con attenzione alla riciclabilità","Si, con attenzione alla biodegradabilità","Si, con attenzione alla compostabilità",No,,,,,,,,,,,,,,,,,,,,,
Specifica,B1.3 - D1,B1.3 - Mps,Dimensione 1 – progettazione circolare (ecodesign),TRUE,La progettazione della MPS comprende la progettazione di un imballaggio con minore impatto?,,,,checkbox,,,,"Si, con attenzione alla eliminazione dell’imballaggio","Si, con attenzione alla riduzione dell’imballaggio",Si con attenzione alla riciclabilità dell’imballaggio,"Si, con attenzione alla seconda vita dell’imballaggio",No,,,,,,,,,,,,,,,,,,,,
Specifica,B1.3 - D1,B1.3 - Mps,Dimensione 1 – progettazione circolare (ecodesign),TRUE,La progettazione della MPS comprende la pianificazione della logistica e dei flussi di ritorno?,,,,checkbox,,,,"Si, con l’attivazione di sistemi di reverse-logistic che realizzano sinergie tra flussi di approvvigionamento, distribuzione e raccolta","Si, attraverso il collocamento dei resi in mercati secondari","Si, pianificando attività di ri-manifattura, riutilizzo",No,,,,,,,,,,,,,,,,,,,,,
Specifica,B1.3 - D10,B1.3 - Mps,Dimensione 10 - riferimenti a standard ambientali e riconoscimenti ottenuti,TRUE,La MPS ha ottenuto la certificazione ambientale di prodotto secondo gli schemi esistenti?,,,,checkbox,,,,"Si, Ecolabel o altra etichettatura ambientale di Tipo I - ISO 14024","Si, autodichiarazione ambientale di Tipo II- ISO 14021","Si, EPD o altra dichiarazione ambientale di prodotto di Tipo III - ISO 14025","No
",,,,,,,,,,,,,,,,,,,,,
Specifica,B1.3 - D10,B1.3 - Mps,Dimensione 10 - riferimenti a standard ambientali e riconoscimenti ottenuti,TRUE,"La MPS ha ottenuto menzioni, premi, riconoscimenti, citazioni in articoli e stampa, in relazione al suo contenuto di economia circolare?",,,,boolean,,,,Si, No,,,,,,,,,,,,,,,,,,,,,,,
Specifica,B1.3 - D10,B1.3 - Mps,Dimensione 10 - riferimenti a standard ambientali e riconoscimenti ottenuti,FALSE,"Descrizione di menzioni, premi, riconoscimenti, citazioni ottenuti","Campo testo max 250 caratteri  + Upload di eventuali file
",,,text_short_alfanum,,.pdf,,,,,,,,,,,,,,,,,,,,,,,,,,
Specifica,B1.3 - D10,B1.3 - Mps,Dimensione 10 - riferimenti a standard ambientali e riconoscimenti ottenuti,TRUE,Caratteristiche di circolarità: descrivi come la tua materia prima seconda (MPS) si inserisce nel modello circolare,"Min. 500 caratteri, max. 2000 caratteri. Utilizza la terza persona e il tempo verbale presente.",,,text_long_alfanum,,,,,,,,,,,,,,,,,,,,,,,,,,,,
Specifica,B1.3 - D2,B1.3 - Mps,Dimensione 2 - approvvigionamento materiali e risorse,TRUE,Per la realizzazione della MPS si fa ricorso ad una quota di materie prime vergini?,,,,boolean,,,,Si, No,,,,,,,,,,,,,,,,,,,,,,,
Specifica,B1.3 - D2,B1.3 - Mps,Dimensione 2 - approvvigionamento materiali e risorse,TRUE,"Per la realizzazione della MPS si fa ricorso a sostanze inquinanti, tossiche, pericolose per impatto sulla salute e sull'ambiente?",,,,boolean,,,,Si, No,,,,,,,,,,,,,,,,,,,,,,,
Specifica,B1.3 - D4,B1.3 - Mps,"Dimensione 4 - gestione rifiuti, scarti ed emissioni",TRUE,Gli scarti e i rifiuti derivanti dalla produzione della MPS sono avviati a loro volta a recupero di materia?,,,,checkbox,,,,"Si, internamente al ciclo produttivo della mia organizzazione","Si, esternamente al ciclo produttivo della mia organizzazione","No
",,,,,,,,,,,,,,,,,,,,,,
Specifica,B1.3 - D4,B1.3 - Mps,"Dimensione 4 - gestione rifiuti, scarti ed emissioni",TRUE,Gli scarti e i rifiuti derivanti dalla produzione della MPS sono avviati a recupero di energia?,,,,checkbox,,,,"Si, internamente al ciclo produttivo della mia organizzazione","Si, esternamente al ciclo produttivo della mia organizzazione",No,,,,,,,,,,,,,,,,,,,,,,
Specifica,B1.3 - D4,B1.3 - Mps,"Dimensione 4 - gestione rifiuti, scarti ed emissioni",TRUE,In fase di produzione utilizzi sistemi e strumenti per la prevenzione e riduzione delle emissioni inquinanti in acqua?,,,,boolean,,,,Si, No,,,,,,,,,,,,,,,,,,,,,,,
Specifica,B1.3 - D4,B1.3 - Mps,"Dimensione 4 - gestione rifiuti, scarti ed emissioni",TRUE,In fase di produzione utilizzi sistemi e strumenti per la prevenzione e riduzione delle emissioni inquinanti in atmosfera?,,,,boolean,,,,Si, No,,,,,,,,,,,,,,,,,,,,,,,
Specifica,B1.3 - D5,B1.3 - Mps,Dimensione 5 - trasporti e distribuzione,TRUE,Per la distribuzione della MPS applichi principi di ottimizzazione dei trasporti e della logistica?,,,,checkbox,,,,"Si, modello matematico di ottimizzazione","Si, selezione dei tragitti migliori","Si, spedizioni a pieno carico","Si, condivisione dei mezzi di trasporto con altre organizzazioni","No
",,,,,,,,,,,,,,,,,,,,
Specifica,B1.3 - D5,B1.3 - Mps,Dimensione 5 - trasporti e distribuzione,TRUE,"Nella costruzione del prezzo della MPS sono state considerate le esternalità derivanti dai trasporti (nelle diverse fasi come l’approvvigionamento delle materie, la spedizione, etc)?",,,,boolean,,,,Si, No,,,,,,,,,,,,,,,,,,,,,,,
Specifica,B1.3 - D5,B1.3 - Mps,Dimensione 5 - trasporti e distribuzione,TRUE,Per la distribuzione della MPS utilizzi una modalità sostenibile?,,,,checkbox,,,,"Si, ferrovia per il lungo raggio","Si, cargo bike per la logistica urbana",No,,,,,,,,,,,,,,,,,,,,,,
Specifica,B1.3 - D7,B1.3 - Mps,Dimensione 7 - filiera circolare,FALSE,La MPS è realizzata con materiali reperiti localmente?,,,,boolean,,,,Si, No,,,,,,,,,,,,,,,,,,,,,,,
Specifica,B1.3 - D7,B1.3 - Mps,Dimensione 7 - filiera circolare,,La MPS è venduta prioritariamente su mercato locale?,,,,boolean,,,,Si, No,,,,,,,,,,,,,,,,,,,,,,,
Specifica,B1.4,B1.4 – Servizio circolare,,TRUE,Nome del servizio,,,,,,,,,,,,,,,,,,,,,,,,,,,,,,,,
Specifica,B1.4,B1.4 – Servizio circolare,,TRUE,Categoria prevalente del servizio,,,,radio,,,,Agricoltura e zootecnia,"Alimentari: produzione, distribuzione e ridistribuzione,
Carta, stampa e cancelleria","Commercio e mercatini (grande, media e piccola distribuzione, mercati dell’usato, e-commerce)","Cultura, arte, sport, tempo libero","Edilizia, costruzioni, ristrutturazioni","Educazione, sensibilizzazione, informazione, accompagnamento e consulenza",Elettronica,"Piattaforme che supportano sharing, networking e scambio di beni e competenze e/o applicazione mobile",Imballaggi,Mobili e complementi di arredo,"Mobilità, trasporti e logistica",Produzione e distribuzione di energia,"Pulizia, igiene e cosmetica (casalinghi e prodotti per la persona)",Raccolta e gestione dei rifiuti,"Tessile, abbigliamento, pelli, calzature e accessori","Turismo, ricettività, eventi, ristorazione",,,,,,,,,
Specifica,B1.4,B1.4 – Servizio circolare,,FALSE,Altra categoria del servizio (opzionale),,,,radio,,,,Agricoltura e zootecnia,"Alimentari: produzione, distribuzione e ridistribuzione","Carta, stampa e cancelleria","Commercio e mercatini (grande, media e piccola distribuzione, mercati dell’usato, e-commerce)","Cultura, arte, sport, tempo libero","Edilizia, costruzioni, ristrutturazioni","Educazione, sensibilizzazione, informazione, accompagnamento e consulenza",Elettronica,"Piattaforme che supportano sharing, networking e scambio di beni e competenze e/o applicazione mobile",Imballaggi,Materia Prima Seconda (MPS) da materiali riciclati,Mobili e complementi di arredo,"Mobilità, trasporti e logistica",Produzione e distribuzione di energia,"Pulizia, igiene e cosmetica (casalinghi e prodotti per la persona)",Raccolta e gestione dei rifiuti,"Tessile, abbigliamento, pelli, calzature e accessori","Turismo, ricettività, eventi, ristorazione
",,,,,,,
Specifica,B1.4,B1.4 – Servizio circolare,,TRUE,Descrizione del servizio,"Min. 250 caratteri, max. 1000 caratteri. Utilizza la terza persona e il tempo verbale presente.
",,,text_long_alfanum,,,,,,,,,,,,,,,,,,,,,,,,,,,,
Specifica,B1.4 - D1,B1.4 – Servizio circolare,Dimensione 1 - progettazione circolare (ecodesign),TRUE,Il servizio è finalizzato ad allungare la vita di prodotti?,,,,checkbox,,,,"Si, attraverso la riparazione e la fornitura parti di ricambio","Si, attraverso la ricollocazione in mercati secondari","Si, attraverso il supporto al passaggio di proprietà per il loro riutilizzo da parte di altri soggetti",No,,,,,,,,,,,,,,,,,,,,,
Specifica,B1.4 - D1,B1.4 – Servizio circolare,Dimensione 1 - progettazione circolare (ecodesign),TRUE,Il servizio è finalizzato a dare una seconda vita ai prodotti?,,,,checkbox,,,,"Si, attraverso la trasformazione in prodotti per usi diversi","Si, attraverso la rigenerazione e la fornitura di ricariche",No,,,,,,,,,,,,,,,,,,,,,,
Specifica,B1.4 - D1,B1.4 – Servizio circolare,Dimensione 1 - progettazione circolare (ecodesign),TRUE,Il servizio è finalizzato a evitare l’uso di imballaggi?,,,,boolean,,,,Si, No,,,,,,,,,,,,,,,,,,,,,,,
Specifica,B1.4 - D1,B1.4 – Servizio circolare,Dimensione 1 - progettazione circolare (ecodesign),TRUE,"Il servizio è finalizzato alla fornitura di prodotti in regime di comodato d’uso/leasing/noleggio, promuovendo così il passaggio dall’acquisto di prodotti all’acquisto di servizi che ne garantiscono l’uso, ma anche la manutenzione, la sostituzione a fine vita, una maggiore flessibilità, etc (secondo la logica product as a service)?",,,,boolean,,,,Si, No,,,,,,,,,,,,,,,,,,,,,,,
Specifica,B1.4 - D10,B1.4 – Servizio circolare,Dimensione 10 - riferimenti a standard ambientali e riconoscimenti ottenuti,TRUE,Il servizio è certificato Ecolabel turistico?,,,,boolean,,,,Si, No,,,,,,,,,,,,,,,,,,,,,,,
Specifica,B1.4 - D10,B1.4 – Servizio circolare,Dimensione 10 - riferimenti a standard ambientali e riconoscimenti ottenuti,TRUE,"Il servizio ha ottenuto menzioni, premi, riconoscimenti, citazioni in articoli e stampa, in relazione al suo contenuto di economia circolare?",,,,boolean,,,,Si, No,,,,,,,,,,,,,,,,,,,,,,,
Specifica,B1.4 - D10,B1.4 – Servizio circolare,Dimensione 10 - riferimenti a standard ambientali e riconoscimenti ottenuti,FALSE,"Descrizione di menzioni, premi, riconoscimenti, citazioni ottenuti","Campo testo max 250 caratteri  + Upload di eventuali file
",,,text_short_alfanum,,.pdf,,,,,,,,,,,,,,,,,,,,,,,,,,
Specifica,B1.4 - D10,B1.4 – Servizio circolare,Dimensione 10 - riferimenti a standard ambientali e riconoscimenti ottenuti,TRUE,Caratteristiche di circolarità: descrivi le caratteristiche che rendono circolare il tuo servizio e come questo permette la transizione da un modello lineare a un modello circolare,"Min. 500 caratteri, max. 2000 caratteri. Utilizza la terza persona e il tempo verbale presente.
",,,text_long_alfanum,,,,,,,,,,,,,,,,,,,,,,,,,,,,
Specifica,B1.4 - D4,B1.4 – Servizio circolare,"Dimensione 4 - gestione rifiuti, scarti ed emissioni",TRUE,Il servizio è finalizzato alla gestione sostenibile dei rifiuti?,,,,checkbox,,,,"Si, sostiene la prevenzione della produzione di rifiuti","Si, sostiene l’avvio dei rifiuti a filiere di recupero e riciclaggio","Si, sostiene la raccolta differenziata",No,,,,,,,,,,,,,,,,,,,,,
Specifica,B1.5,"B1.5 – Oggetto (prodotto, attrezzatura, tecnologia, impianto, etc.) abilitante all’economia circolare",,TRUE,Nome dell’oggetto abilitante all’economia circolare,,,,text_short_alfanum,,,,,,,,,,,,,,,,,,,,,,,,,,,,
Specifica,B1.5,"B1.5 – Oggetto (prodotto, attrezzatura, tecnologia, impianto, etc.) abilitante all’economia circolare",,TRUE,Categoria merceologica prevalente,,,,radio,,,,Agricoltura e zootecnia,"Alimentari: produzione, distribuzione e ridistribuzione","Carta, stampa e cancelleria","Commercio e mercatini (grande, media e piccola distribuzione, mercati dell’usato, e-commerce)","Cultura, arte, sport, tempo libero","Edilizia, costruzioni, ristrutturazioni","Educazione, sensibilizzazione, informazione, accompagnamento e consulenza",Elettronica,"Piattaforme che supportano sharing, networking e scambio di beni e competenze e/o applicazione mobile",Imballaggi,Mobili e complementi di arredo,"Mobilità, trasporti e logistica",Produzione e distribuzione di energia,"Pulizia, igiene e cosmetica (casalinghi e prodotti per la persona)",Raccolta e gestione dei rifiuti,"Tessile, abbigliamento, pelli, calzature e accessori","Turismo, ricettività, eventi, ristorazione",,,,,,,,
Specifica,B1.5,"B1.5 – Oggetto (prodotto, attrezzatura, tecnologia, impianto, etc.) abilitante all’economia circolare",,FALSE,Categoria merceologica secondaria (opzionale),,,,radio,,,,Agricoltura e zootecnia,"Alimentari: produzione, distribuzione e ridistribuzione","Carta, stampa e cancelleria","Commercio e mercatini (grande, media e piccola distribuzione, mercati dell’usato, e-commerce)","Cultura, arte, sport, tempo libero","Edilizia, costruzioni, ristrutturazioni","Educazione, sensibilizzazione, informazione, accompagnamento e consulenza",Elettronica,"Piattaforme che supportano sharing, networking e scambio di beni e competenze e/o applicazione mobile",Imballaggi,Materia Prima Seconda (MPS) da materiali riciclati,Mobili e complementi di arredo,"Mobilità, trasporti e logistica",Produzione e distribuzione di energia,"Pulizia, igiene e cosmetica (casalinghi e prodotti per la persona)",Raccolta e gestione dei rifiuti,"Tessile, abbigliamento, pelli, calzature e accessori","Turismo, ricettività, eventi, ristorazione",,,,,,,
Specifica,B1.5,"B1.5 – Oggetto (prodotto, attrezzatura, tecnologia, impianto, etc.) abilitante all’economia circolare",,TRUE,"Descrizione dell’oggetto (prodotto, attrezzatura, tecnologia, impianto) abilitante","Min. 250 caratteri, max. 1000 caratteri. Utilizza la terza persona e il tempo verbale presente.

",,,text_long_alfanum,,,,VALUE!,,,,,,,,,,,,,,,,,,,,,,,,
Specifica,B1.5,"B1.5 – Oggetto (prodotto, attrezzatura, tecnologia, impianto, etc.) abilitante all’economia circolare",Dimensione 2 - approvvigionamento materiali e risorse,TRUE,Il prodotto/attrezzatura/tecnologia abilitante ha come finalità la sostituzione delle materie prime vergini con materie prime seconde?,,,,boolean,,,,Si, No,,,,,,,,,,,,,,,,,,,,,,,
Specifica,B1.5,"B1.5 – Oggetto (prodotto, attrezzatura, tecnologia, impianto, etc.) abilitante all’economia circolare",Dimensione 2 - approvvigionamento materiali e risorse,TRUE,Il prodotto/attrezzatura/tecnologia abilitante ha come finalità la sostituzione delle materie prime provenienti da fonti fossili con biomateriali?,,,,boolean,,,,Si, No,,,,,,,,,,,,,,,,,,,,,,,
Specifica,B1.5,"B1.5 – Oggetto (prodotto, attrezzatura, tecnologia, impianto, etc.) abilitante all’economia circolare",Dimensione 2 - approvvigionamento materiali e risorse,TRUE,Il prodotto/attrezzatura/tecnologia abilitante ha come finalità la riduzione dell’uso di materie in via di esaurimento (critical row materials)?,,,,boolean,,,,Si, No,,,,,,,,,,,,,,,,,,,,,,,
Specifica,B1.5,"B1.5 – Oggetto (prodotto, attrezzatura, tecnologia, impianto, etc.) abilitante all’economia circolare",Dimensione 2 - approvvigionamento materiali e risorse,TRUE,"Il prodotto/attrezzatura/tecnologia abilitante ha come finalità la riduzione dell’uso di materie e sostanze inquinanti, tossiche, pericolose per impatto sulla salute e sull'ambiente?",,,,boolean,,,,Si, No,,,,,,,,,,,,,,,,,,,,,,,
Specifica,B1.5,"B1.5 – Oggetto (prodotto, attrezzatura, tecnologia, impianto, etc.) abilitante all’economia circolare",Dimensione 2 - approvvigionamento materiali e risorse,TRUE,Il prodotto/attrezzatura/tecnologia abilitante ha come finalità la sostituzione dell’uso di energia e carburanti derivanti da fonti fossili con fonti rinnovabili?,,,,boolean,,,,Si, No,,,,,,,,,,,,,,,,,,,,,,,
Specifica,B1.5,"B1.5 – Oggetto (prodotto, attrezzatura, tecnologia, impianto, etc.) abilitante all’economia circolare",Dimensione 3 - consumo di risorse naturali e materia,TRUE,Il prodotto/attrezzatura/tecnologia abilitante ha come finalità l’efficientamento dei processi produttivi?,,,,checkbox,,,,"Si, efficienza energetica","Si, efficienza idrica","Si, efficienza nell’uso delle materie","No
",,,,,,,,,,,,,,,,,,,,,
Specifica,B1.5,"B1.5 – Oggetto (prodotto, attrezzatura, tecnologia, impianto, etc.) abilitante all’economia circolare","Dimensione 4 - gestione rifiuti, scarti ed emissioni",TRUE,Il prodotto/attrezzatura/tecnologia abilitante ha come finalità la prevenzione della produzione di rifiuti e scarti?,,,,boolean,,,,Si, No,,,,,,,,,,,,,,,,,,,,,,,
Specifica,B1.5,"B1.5 – Oggetto (prodotto, attrezzatura, tecnologia, impianto, etc.) abilitante all’economia circolare","Dimensione 4 - gestione rifiuti, scarti ed emissioni",TRUE,Il prodotto/attrezzatura/tecnologia abilitante ha come finalità il recupero di materia da rifiuti e scarti?,,,,boolean,,,,Si, No,,,,,,,,,,,,,,,,,,,,,,,
Specifica,B1.5,"B1.5 – Oggetto (prodotto, attrezzatura, tecnologia, impianto, etc.) abilitante all’economia circolare","Dimensione 4 - gestione rifiuti, scarti ed emissioni",TRUE,Il prodotto/attrezzatura/tecnologia abilitante ha come finalità il recupero di energia da rifiuti e scarti?,,,,boolean,,,,Si, No,,,,,,,,,,,,,,,,,,,,,,,
Specifica,B1.5,"B1.5 – Oggetto (prodotto, attrezzatura, tecnologia, impianto, etc.) abilitante all’economia circolare","Dimensione 4 - gestione rifiuti, scarti ed emissioni",TRUE,Il prodotto/attrezzatura/tecnologia abilitante ha come finalità la prevenzione e riduzione delle emissioni inquinanti in acqua?,,,,boolean,,,,Si, No,,,,,,,,,,,,,,,,,,,,,,,
Specifica,B1.5,"B1.5 – Oggetto (prodotto, attrezzatura, tecnologia, impianto, etc.) abilitante all’economia circolare","Dimensione 4 - gestione rifiuti, scarti ed emissioni",TRUE,Il prodotto/attrezzatura/tecnologia abilitante ha come finalità la prevenzione e riduzione delle emissioni inquinanti in atmosfera?,,,,boolean,,,,Si, No,,,,,,,,,,,,,,,,,,,,,,,
Specifica,B1.5,"B1.5 – Oggetto (prodotto, attrezzatura, tecnologia, impianto, etc.) abilitante all’economia circolare",Dimensione 10 - riferimenti a standard ambientali e riconoscimenti ottenuti,TRUE,"Il prodotto/attrezzatura/tecnologia abilitante ha ottenuto menzioni, premi, riconoscimenti, citazioni in articoli e stampa, in relazione al suo contenuto di economia circolare?",,,,boolean,,,,Si, No,,,,,,,,,,,,,,,,,,,,,,,
Specifica,B1.5,"B1.5 – Oggetto (prodotto, attrezzatura, tecnologia, impianto, etc.) abilitante all’economia circolare",Dimensione 10 - riferimenti a standard ambientali e riconoscimenti ottenuti,FALSE,"Descrizione di menzioni, premi, riconoscimenti, citazioni ottenuti","Campo testo max 250 caratteri + Upload di eventuali file
",,,text_short_alfanum,,.pdf,,,,,,,,,,,,,,,,,,,,,,,,,,
Specifica,B1.5,"B1.5 – Oggetto (prodotto, attrezzatura, tecnologia, impianto, etc.) abilitante all’economia circolare",Dimensione 10 - riferimenti a standard ambientali e riconoscimenti ottenuti,FALSE,Caratteristiche di circolarità: descrivi in che modo il tuo prodotto/tecnologia/ impianto abilitante permette la transizione da un modello tradizionale a un modello circolare,"Min. 500 caratteri, max. 2000 caratteri. Utilizza la terza persona e il tempo verbale presente.
",,,text_long_alfanum,,,,,,,,,,,,,,,,,,,,,,,,,,,,
Specifica,B1.6,B1.6 – Progetto di ricerca o sperimentazione puntuale sui temi dell’economia circolare,,TRUE,Nome del progetto di ricerca/sperimentazione,,,,text_short_alfanum,,,,,,,,,,,,,,,,,,,,,,,,,,,,
Specifica,B1.6,B1.6 – Progetto di ricerca o sperimentazione puntuale sui temi dell’economia circolare,,TRUE,Il progetto è svolto in partenariato?,,,,boolean,,,,Si, No,,,,,,,,,,,,,,,,,,,,,,,
Specifica,B1.6,B1.6 – Progetto di ricerca o sperimentazione puntuale sui temi dell’economia circolare,,FALSE,Elenco partner (indicare il capofila),,,,text_long_alfanum,,,,,,,,,,,,,,,,,,,,,,,,,,,,
Specifica,B1.6,B1.6 – Progetto di ricerca o sperimentazione puntuale sui temi dell’economia circolare,,TRUE,Il progetto è cofinanziato?,,,,boolean,,,,Si, No,,,,,,,,,,,,,,,,,,,,,,,
Specifica,B1.6,B1.6 – Progetto di ricerca o sperimentazione puntuale sui temi dell’economia circolare,,FALSE,Tipologia di co-finanziamento,,,,radio,,,,Unione Europea, Ente pubblico livello nazionale, Ente pubblico livello regionale, Ente pubblico livello locale, Soggetto privato, Fondazione, Altro (specificare),,,,,,,,,,,,,,,,,,
Specifica,B1.6,B1.6 – Progetto di ricerca o sperimentazione puntuale sui temi dell’economia circolare,,TRUE,Categoria merceologica prevalente di applicazione degli esiti del progetto,,,,radio,,,,Agricoltura e zootecnia,"Alimentari: produzione, distribuzione e ridistribuzione","Carta, stampa e cancelleria","Commercio e mercatini (grande, media e piccola distribuzione, mercati dell’usato, e-commerce)","Cultura, arte, sport, tempo libero","Edilizia, costruzioni, ristrutturazioni,
Educazione, sensibilizzazione, informazione, accompagnamento e consulenza",Elettronica,"Piattaforme che supportano sharing, networking e scambio di beni e competenze e/o applicazione mobile",Imballaggi,Materia Prima Seconda (MPS) da materiali riciclati,Mobili e complementi di arredo,"Mobilità, trasporti e logistica",Produzione e distribuzione di energia,"Pulizia, igiene e cosmetica (casalinghi e prodotti per la persona)",Raccolta e gestione dei rifiuti ,"Tessile, abbigliamento, pelli, calzature e accessori","Turismo, ricettività, eventi, ristorazione",,,,,,,,
Specifica,B1.6,B1.6 – Progetto di ricerca o sperimentazione puntuale sui temi dell’economia circolare,,FALSE,Altra categoria merceologica di applicazione degli esiti del progetto (opzionale),,,,radio,,,,Agricoltura e zootecnia,"Alimentari: produzione, distribuzione e ridistribuzione","Carta, stampa e cancelleria","Commercio e mercatini (grande, media e piccola distribuzione, mercati dell’usato, e-commerce)","Cultura, arte, sport, tempo libero","Edilizia, costruzioni, ristrutturazioni","Educazione, sensibilizzazione, informazione, accompagnamento e consulenza",Elettronica,"Piattaforme che supportano sharing, networking e scambio di beni e competenze e/o applicazione mobile",Imballaggi,Materia Prima Seconda (MPS) da materiali riciclati,Mobili e complementi di arredo,"Mobilità, trasporti e logistica",Produzione e distribuzione di energia,"Pulizia, igiene e cosmetica (casalinghi e prodotti per la persona)",Raccolta e gestione dei rifiuti,"Tessile, abbigliamento, pelli, calzature e accessori","Turismo, ricettività, eventi, ristorazione",,,,,,,
Specifica,B1.6,B1.6 – Progetto di ricerca o sperimentazione puntuale sui temi dell’economia circolare,,TRUE,Descrizione del progetto di ricerca,"Min. 250 caratteri, max. 1000 caratteri. Utilizza la terza persona e il tempo verbale presente.

",,,text_long_alfanum,,,,,,,,,,,,,,,,,,,,,,,,,,,,
Specifica,B1.6,B1.6 – Progetto di ricerca o sperimentazione puntuale sui temi dell’economia circolare,Dimensione 1 - progettazione circolare (ecodesign),TRUE,Il progetto lavora sul tema dell’allungamento del ciclo di vita di beni e prodotti?,,,,checkbox,,,,"Si, con particolare attenzione al tema della durabilità e riparabilità","Si, con particolare attenzione al tema della seconda vita","Si, con particolare attenzione al tema del recupero e riciclaggio",No,,,,,,,,,,,,,,,,,,,,,
Specifica,B1.6,B1.6 – Progetto di ricerca o sperimentazione puntuale sui temi dell’economia circolare,Dimensione 1 - progettazione circolare (ecodesign),TRUE,Il progetto lavora sul tema del passaggio dall’acquisto di prodotti all’acquisto di servizi che ne garantiscono l’uso (secondo la logica product as a service)?,,,,boolean,,,,Si, No,,,,,,,,,,,,,,,,,,,,,,,
Specifica,B1.6,B1.6 – Progetto di ricerca o sperimentazione puntuale sui temi dell’economia circolare,Dimensione 1 - progettazione circolare (ecodesign),TRUE,Il progetto lavora sul tema della integrazione della pianificazione della logistica e dei flussi di ritorno nella progettazione dei prodotti?,,,,boolean,,,,Si, No,,,,,,,,,,,,,,,,,,,,,,,
Specifica,B1.6,B1.6 – Progetto di ricerca o sperimentazione puntuale sui temi dell’economia circolare,Dimensione 1 - progettazione circolare (ecodesign),TRUE,Il progetto lavora sul tema della integrazione degli strumenti di analisi del ciclo di vita (es: LCA) nella progettazione dei prodotti?,,,,boolean,,,,Si, No,,,,,,,,,,,,,,,,,,,,,,,
Specifica,B1.6,B1.6 – Progetto di ricerca o sperimentazione puntuale sui temi dell’economia circolare,Dimensione 2 - approvvigionamento materiali e risorse,TRUE,"Il progetto lavora sul tema della riduzione del ricorso a materie prime vergini, non rinnovabili e/o provenienti da fonti fossili?",,,,checkbox,,,,"Si, con particolare attenzione al tema delle materie prime seconde","Si, con particolare attenzione alla sostituzione delle materie prime in via di esaurimento (critical row materials)","Si, con particolare attenzione al tema dei biomateriali",No,,,,,,,,,,,,,,,,,,,,,
Specifica,B1.6,B1.6 – Progetto di ricerca o sperimentazione puntuale sui temi dell’economia circolare,Dimensione 2 - approvvigionamento materiali e risorse,TRUE,"Il progetto lavora sul tema della riduzione dell’uso di materie e sostanze inquinanti, tossiche, pericolose per impatto sulla salute e sull'ambiente?",,,,boolean,,,,Si, No,,,,,,,,,,,,,,,,,,,,,,,
Specifica,B1.6,B1.6 – Progetto di ricerca o sperimentazione puntuale sui temi dell’economia circolare,Dimensione 2 - approvvigionamento materiali e risorse,TRUE,Il progetto lavora sul tema della sostituzione del ricorso a energia e carburanti da fonti fossili con fonti rinnovabili?,,,,boolean,,,,Si, No,,,,,,,,,,,,,,,,,,,,,,,
Specifica,B1.6,B1.6 – Progetto di ricerca o sperimentazione puntuale sui temi dell’economia circolare,Dimensione 3 - consumo di risorse naturali e materia,TRUE,Il progetto lavora sul tema dell’efficienza?,,,,checkbox,,,,"Si, efficienza energetica","Si, efficienza idrica","Si, efficienza nell’utilizzo di materia","No
",,,,,,,,,,,,,,,,,,,,,
Specifica,B1.6,B1.6 – Progetto di ricerca o sperimentazione puntuale sui temi dell’economia circolare,"Dimensione 4 - gestione rifiuti, scarti ed emissioni",TRUE,Il progetto lavora sul tema dei rifiuti e scarti?,,,,checkbox,,,,"Si, sulla prevenzione della produzione di rifiuti e scarti","Si, sul recupero di materia da rifiuti e scarti","Si, sul recupero di energia da rifiuti e scarti","Si, sul miglioramento della gestione dei rifiuti prodotti",No ,,,,,,,,,,,,,,,,,,,,
Specifica,B1.6,B1.6 – Progetto di ricerca o sperimentazione puntuale sui temi dell’economia circolare,"Dimensione 4 - gestione rifiuti, scarti ed emissioni",TRUE,Il progetto lavora sul tema della prevenzione e riduzione delle emissioni inquinanti?,,,,checkbox,,,,"Si, in atmosfera","Si, in acqua",No,,,,,,,,,,,,,,,,,,,,,,
Specifica,B1.6,B1.6 – Progetto di ricerca o sperimentazione puntuale sui temi dell’economia circolare,"Dimensione 4 - gestione rifiuti, scarti ed emissioni",TRUE,Il progetto lavora sul tema delle emissioni climalteranti?,,,,checkbox,,,,"Si, con attenzione alla misurazione","Si, con attenzione alla prevenzione e riduzione delle emissioni","Si, con attenzione alla compensazione","No
",,,,,,,,,,,,,,,,,,,,,
Specifica,B1.6,B1.6 – Progetto di ricerca o sperimentazione puntuale sui temi dell’economia circolare,Dimensione 5 - trasporti e distribuzione,TRUE,Il progetto lavora sul tema della ottimizzazione della distribuzione e della logistica?,,,,boolean,,,,Si, No,,,,,,,,,,,,,,,,,,,,,,,
Specifica,B1.6,B1.6 – Progetto di ricerca o sperimentazione puntuale sui temi dell’economia circolare,Dimensione 5 - trasporti e distribuzione,TRUE,Il progetto lavora sul tema della considerazione delle esternalità derivanti dai trasporti in tutto il ciclo produttivo nella costruzione dei prezzi dei prodotti?,,,,boolean,,,,Si, No,,,,,,,,,,,,,,,,,,,,,,,
Specifica,B1.6,B1.6 – Progetto di ricerca o sperimentazione puntuale sui temi dell’economia circolare,Dimensione 6 - promozione di stili di vita sostenibili,TRUE,Il progetto lavora sul tema del cambiamento dei comportamenti dei singoli rispetto e degli effetti attesi in termini di circolarità e sostenibilità?,,,,boolean,,,,Si, No,,,,,,,,,,,,,,,,,,,,,,,
Specifica,B1.6,B1.6 – Progetto di ricerca o sperimentazione puntuale sui temi dell’economia circolare,Dimensione 7 – filiera circolare,TRUE,Il progetto lavora sul tema della filiera circolare?,,,,checkbox,,,,"Si, con attenzione ai sistemi di qualificazione dei fornitori","Si, con attenzione allo sviluppo di partenariati e reti di collaborazione stabile"," Si, con attenzione alle filiere locali",No,,,,,,,,,,,,,,,,,,,,,
Specifica,B1.6,B1.6 – Progetto di ricerca o sperimentazione puntuale sui temi dell’economia circolare,Dimensione 7 – filiera circolare,TRUE,Il progetto lavora sul tema della simbiosi industriale?,,,,boolean,,,,Si, No,,,,,,,,,,,,,,,,,,,,,,,
Specifica,B1.6,B1.6 – Progetto di ricerca o sperimentazione puntuale sui temi dell’economia circolare,Dimensione 10 - riferimenti a standard ambientali e riconoscimenti ottenuti,TRUE,Il progetto ha tra gli obiettivi l’ottenimento della certificazione ambientale di prodotto secondo gli schemi esistenti?,,,,checkbox,,,,"Si, Ecolabel o altra etichettatura ambientale di Tipo I - ISO 14024","Si, autodichiarazione ambientale di Tipo II- ISO 14021","Si, EPD o altra dichiarazione ambientale di prodotto di Tipo III - ISO 14025",No,,,,,,,,,,,,,,,,,,,,,
Specifica,B1.6,B1.6 – Progetto di ricerca o sperimentazione puntuale sui temi dell’economia circolare,Dimensione 10 - riferimenti a standard ambientali e riconoscimenti ottenuti,TRUE,"Il progetto ha ottenuto menzioni, premi, riconoscimenti, citazioni in articoli e stampa, in relazione al suo contenuto di economia circolare?",,,,boolean,,,,Si, No,,,,,,,,,,,,,,,,,,,,,,,
Specifica,B1.6,B1.6 – Progetto di ricerca o sperimentazione puntuale sui temi dell’economia circolare,Dimensione 10 - riferimenti a standard ambientali e riconoscimenti ottenuti,FALSE,"Descrizione di menzioni, premi, riconoscimenti, citazioni ottenuti",Campo testo max 250 caratteri + Upload di eventuali file,,,text_short_alfanum,,.pdf,,,,,,,,,,,,,,,,,,,,,,,,,,
Specifica,B1.6,B1.6 – Progetto di ricerca o sperimentazione puntuale sui temi dell’economia circolare,Dimensione 10 - riferimenti a standard ambientali e riconoscimenti ottenuti,FALSE,Caratteristiche di circolarità: descrivi su quali aspetti dell’economia circolare si concentra il tuo progetto di ricerca o sperimentazione e quali risultati/esiti sono attesi anche rispetto alla loro applicazione futura,"Min. 500 caratteri, max. 2000 caratteri. Utilizza la terza persona e il tempo verbale presente.",,,text_long_alfanum,,,,,,,,,,,,,,,,,,,,,,,,,,,,